time,seconds_elapsed,bearingAccuracy,speedAccuracy,verticalAccuracy,horizontalAccuracy,speed,bearing,altitude,longitude,latitude
1684076719974000000,1.543000244140625,0,0,1.6434346437454224,13.557999610900879,0,0,357.6000061035156,11.0426185,49.4184125
1684076725310000000,6.879000244140625,0,0,1.098026990890503,15.607000350952148,0.5797170400619507,253.2904815673828,357.5,11.0425868,49.4184063
1684076726710143000,8.27914306640625,0,0,1.1334632635116577,16.054000854492188,0.1478426605463028,197.73672485351562,357.5,11.0425904,49.4183999
1684076727710398500,9.2793984375,0,0,1.1392741203308105,17.392000198364258,0.16678841412067413,197.81175231933594,357.5,11.0425843,49.4183966
1684076728728380700,10.297380615234376,0,0,1.1345561742782593,18.729000091552734,0.1971743106842041,197.2484893798828,357.5,11.0425808,49.4183925
1684076730041000000,11.61,0,0,1.2911759614944458,18.486000061035156,0.12290924787521362,183.57154846191406,357.6000061035156,11.0425885,49.418395
1684076730276362200,11.8453623046875,0,0,1.2911003828048706,18.1200008392334,0.11478748917579651,160.29066467285156,357.6000061035156,11.0425955,49.4183957
1684076731261946400,12.8309462890625,0,0.21927478909492493,1.3031857013702393,16.170000076293945,0.6608466506004333,163.71627807617188,357.6000061035156,11.0426108,49.4183653
1684076732283021300,13.852021240234375,0,0.2962980568408966,1.3131660223007202,14.602999687194824,0.825737714767456,164.44598388671875,357.6000061035156,11.042616,49.4183524
1684076733272135000,14.841135009765624,0,0.22115133702754974,1.322911262512207,12.78499984741211,0.7659401893615723,167.81163024902344,357.6000061035156,11.0426154,49.4183471
1684076734271353900,15.840353759765625,0,0.26745620369911194,1.3335120677947998,10.967000007629395,0.6576804518699646,171.42015075683594,357.6000061035156,11.0426141,49.418344
1684076735041000000,16.61,0,0.26745620369911194,1.7398121356964111,10.543000221252441,0.5476968884468079,173.88621520996094,357.5,11.0426129,49.4183433
1684076735291576300,16.860576416015626,0,0.2276362180709839,1.761476755142212,8,0.46542251110076904,178.96591186523438,357.5,11.0426105,49.4183448
1684076736264784100,17.8337841796875,0,0.15073320269584656,1.7508783340454102,8,0.3632526993751526,196.94174194335938,357.5,11.0426045,49.4183448
1684076737268485400,18.8374853515625,0,0.15630210936069489,1.7952957153320312,8,0.3411758840084076,212.4091339111328,357.5,11.0425969,49.4183447
1684076738271233000,19.84023291015625,0,0.11050248891115189,1.8052889108657837,8,0.29285839200019836,235.1812744140625,357.5,11.0425925,49.4183446
1684076739264537600,20.83353759765625,0,0.1776585429906845,1.8014637231826782,8,0.29560092091560364,250.0939178466797,357.5,11.0425882,49.4183443
1684076740105000000,21.674,0,0.1776585429906845,2.6248672008514404,9.821000099182129,0.25084981322288513,252.11561584472656,357.5,11.042586,49.4183439
1684076740295017000,21.864016845703127,0,20,2.6348652839660645,9.821000099182129,0.45299866795539856,260.67822265625,357.5,11.0425802,49.4183439
1684076741272795100,22.841795166015626,0,20,2.651899576187134,9.821000099182129,0.6097244024276733,273.3233947753906,357.5,11.0425698,49.4183451
1684076742276242200,23.8452421875,0,20,2.64583420753479,9.821000099182129,0.7737843990325928,290.4884948730469,357.5,11.0425582,49.4183496
1684076743262368300,24.8313681640625,0,20,2.6678626537323,9.5600004196167,1.0945059061050415,318.30657958984375,357.5,11.0425482,49.4183616
1684076744266795800,25.835795654296874,0,20,2.6834042072296143,9.821000099182129,1.6894503831863403,338.5387878417969,357.5,11.0425411,49.4183822
1684076745187000000,26.756,0,20,2.5471720695495605,9.993000030517578,1.4724997282028198,339.995849609375,357.6000061035156,11.0425362,49.418392
1684076745273351200,26.84235107421875,0,20,2.5471720695495605,9.708000183105469,2.0819616317749023,351.4814758300781,357.6000061035156,11.0425406,49.4184044
1684076746266670300,27.83567041015625,0,20,2.560502052307129,9.708000183105469,2.649599313735962,2.8602259159088135,357.6000061035156,11.0425481,49.418433
1684076747271886800,28.840886962890625,0,20,2.5727694034576416,9.708000183105469,3.0962278842926025,7.293737411499023,357.6000061035156,11.042557,49.4184644
1684076748276498000,29.845497802734375,3.181281566619873,0.28776854276657104,2.5862064361572266,9.993000030517578,4.1158366203308105,353.0104064941406,357.6000061035156,11.042555,49.418499
1684076749276772000,30.845772216796874,1.510202407836914,0.022537091746926308,2.597519636154175,9.993000030517578,4.664484977722168,354.9991455078125,357.6000061035156,11.0425507,49.4185384
1684076750293858600,31.862858642578125,2.4744510650634766,0.4385625720024109,2.608508825302124,8,5.123126983642578,354.9970397949219,357.6000061035156,11.0425412,49.4185821
1684076751037000000,32.606,2.4744510650634766,0.4385625720024109,2.318251848220825,9.609999656677246,5.119968414306641,354.9941711425781,357.6000061035156,11.0425368,49.4186108
1684076751309869300,32.87886938476562,4.613803863525391,0.4651826322078705,2.326638698577881,9.609999656677246,6.072977542877197,356.9799499511719,357.6000061035156,11.0425338,49.4186286
1684076752300611300,33.869611328125,1.5733662843704224,0.016355248168110847,2.3518762588500977,9.609999656677246,6.6607842445373535,357.99884033203125,357.6000061035156,11.0425336,49.4186899
1684076753312744700,34.88174462890625,1.7202990055084229,0.016282295808196068,2.3675262928009033,9.609999656677246,7.186166286468506,351.01507568359375,357.6000061035156,11.0425301,49.4187604
1684076754306496300,35.875496337890624,1,0.07717642188072205,2.376164674758911,9.276000022888184,7.329253196716309,347.0030212402344,357.6000061035156,11.0425057,49.4188301
1684076755323579600,36.89257958984375,1,0.017272697761654854,2.387521982192993,8.942999839782715,7.711047172546387,345.001953125,357.6000061035156,11.0424748,49.418898
1684076756321991400,37.89099145507812,4.555881023406982,0.014550339430570602,2.397522211074829,6.800000190734863,7.792942047119141,340.07513427734375,357.6000061035156,11.0424383,49.4189658
1684076757316778200,38.8857783203125,1.200312852859497,0.022314324975013733,2.4075326919555664,6.400000095367432,7.789320945739746,333.0061340332031,357.6000061035156,11.0423934,49.4190308
1684076758314697000,39.88369702148437,1,0.030004076659679413,2.4175405502319336,6,7.732778072357178,332.0005187988281,357.6000061035156,11.0423389,49.4190924
1684076759313607000,40.88260693359375,1.250860333442688,0.024812621995806694,2.427525281906128,5.599999904632568,7.76688289642334,334.9971618652344,357.6000061035156,11.0422888,49.4191562
1684076760325538600,41.89453857421875,1,0.012681038118898869,2.4375431537628174,5.199999809265137,7.620168685913086,335.9991455078125,357.6000061035156,11.0422448,49.4192214
1684076761307113700,42.87611376953125,1,0.01292219664901495,2.4475269317626953,5,7.6371235847473145,334.001220703125,357.6000061035156,11.0422003,49.4192843
1684076762317305000,43.88630517578125,1.6963900327682495,0.326252281665802,2.457521438598633,4.400000095367432,7.530088424682617,331.01055908203125,357.6000061035156,11.0421534,49.4193448
1684076763313646800,44.882646728515624,2.2826662063598633,0.014353901147842407,2.4675211906433105,4.333000183105469,7.802562713623047,328.0099182128906,357.6000061035156,11.0420994,49.4194042
1684076764311123200,45.88012329101562,1,0.012847929261624813,2.4775235652923584,4,7.858124732971191,325.0015869140625,357.6000061035156,11.0420387,49.4194627
1684076765298268400,46.867268310546876,2.285876750946045,0.019163936376571655,2.4875495433807373,4,8.018757820129395,323.00604248046875,357.6000061035156,11.0419719,49.4195212
1684076766308996000,47.87799609375,1,0.019816873595118523,2.4975461959838867,4,8.113215446472168,320.00152587890625,357.6000061035156,11.0418992,49.4195787
1684076767310310100,48.87931005859375,1.0177254676818848,0.014906411059200764,2.5075182914733887,4.333000183105469,8.21922492980957,317.0015563964844,357.6000061035156,11.0418233,49.419635
1684076768311202000,49.8802021484375,1.1497982740402222,0.2511551082134247,2.5175185203552246,4.333000183105469,8.330015182495117,316.00213623046875,357.6000061035156,11.041745,49.4196897
1684076769314581000,50.8835810546875,3.16017746925354,0.025216618552803993,2.5275137424468994,4.400000095367432,8.463662147521973,311.0252380371094,357.6000061035156,11.041659,49.419742
1684076770314584300,51.88358422851562,1,0.019045010209083557,2.537517547607422,4.400000095367432,8.599592208862305,309.00103759765625,357.6000061035156,11.0415663,49.4197907
1684076771313004300,52.88200439453125,2.0170481204986572,0.017998311668634415,2.5475428104400635,4.400000095367432,8.691329002380371,305.0094299316406,357.6000061035156,11.0414713,49.4198367
1684076772319165000,53.8881650390625,1,0.01669018529355526,2.557515859603882,4,8.802456855773926,303.00115966796875,357.6000061035156,11.04137,49.4198805
1684076773310848300,54.87984814453125,1,0.012696555815637112,2.5675086975097656,4,8.870965957641602,301.0013122558594,357.6000061035156,11.0412667,49.419924
1684076774302932200,55.87193212890625,1,0.22710013389587402,2.5775091648101807,4,8.833136558532715,300.0015869140625,357.6000061035156,11.0411608,49.4199661
1684076775305196500,56.874196533203126,2.5378119945526123,0.014288030564785004,2.5875070095062256,4,8.902406692504883,297.013916015625,357.6000061035156,11.041051,49.4200052
1684076776305755600,57.87475561523438,1,0.11783656477928162,2.5975098609924316,4,8.810283660888672,296.0010681152344,357.6000061035156,11.0409394,49.4200417
1684076777324972300,58.89397216796875,1.6986361742019653,0.01353589165955782,2.6075050830841064,4,8.818483352661133,293.0070495605469,359.75913405372694,11.040827,49.4200745
1684076778311582200,59.88058227539062,1.1030842065811157,0.016260338947176933,2.6175029277801514,4,8.817877769470215,292.0010681152344,360.0179073516641,11.0407134,49.4201037
1684076779305987000,60.87498706054687,1.07414710521698,0.016475552693009377,2.6275010108947754,4,8.862560272216797,290.00201416015625,360.06649424192216,11.0405976,49.4201313
1684076780311094500,61.880094482421875,1,0.01959722489118576,2.63751482963562,4.400000095367432,8.873156547546387,287.00286865234375,359.948196214294,11.0404795,49.4201558
1684076781314160000,62.88316015625,3.743313789367676,0.020717062056064606,2.6475021839141846,4.800000190734863,9.007963180541992,286.01068115234375,359.7665274665936,11.0403594,49.4201763
1684076782318377000,63.887376953125,3.2539539337158203,0.02403675578534603,2.657505750656128,4.665999889373779,9.086934089660645,284.0203857421875,359.6672450334189,11.0402362,49.4201957
1684076783311632100,64.88063208007813,2.729095220565796,0.019009355455636978,2.667506694793701,4.800000190734863,9.198176383972168,282.0152893066406,359.6672450334189,11.0401122,49.4202128
1684076784308733400,65.8777333984375,1.4746665954589844,0.0181269608438015,2.6775057315826416,4.800000190734863,9.27517318725586,280.0048828125,359.6017615135472,11.0399846,49.4202285
1684076785325263600,66.894263671875,4.542900085449219,0.023198407143354416,2.6875109672546387,4.400000095367432,9.3514986038208,278.046630859375,359.6123233372806,11.0398556,49.420241
1684076786321508400,67.89050830078125,1.6113733053207397,0.023151420056819916,2.697516679763794,4,9.393837928771973,276.0063171386719,359.6017615135472,11.0397265,49.4202505
1684076787320353300,68.88935327148438,5.943637371063232,0.022139083594083786,2.7075088024139404,4,9.448040962219238,274.085693359375,359.60809860620424,11.0395963,49.4202565
1684076788326363000,69.89536279296875,1.4244718551635742,0.024564316496253014,2.717503309249878,4,9.603402137756348,271.0075988769531,359.7263918744732,11.0394646,49.4202586
1684076789322755800,70.891755859375,1.1235650777816772,0.024196399375796318,2.7275094985961914,4,9.631299018859863,273.9949035644531,359.7052679551593,11.0393321,49.4202574
1684076790314548500,71.88354858398438,2.483623743057251,0.017465932294726372,2.737506151199341,4,9.489067077636719,277.9689636230469,359.8742607876996,11.0392007,49.4202576
1684076791322239000,72.89123901367188,1,0.01721808686852455,2.7474985122680664,4,9.408570289611816,276.0024719238281,359.95242111534634,11.0390705,49.4202584
1684076792319119400,73.88811938476563,3.1566615104675293,0.3887792229652405,2.7575080394744873,4,9.22342300415039,275.012939453125,360.27140724285823,11.0389476,49.4202637
1684076793308661500,74.87766162109375,3.743378162384033,0.0177182424813509,2.767495632171631,4,9.171777725219727,267.134521484375,360.3664716619855,11.0388215,49.4202621
1684076794308928000,75.87792797851563,1.4887863397598267,0.022926287725567818,2.7774970531463623,4,9.098998069763184,267.0002136230469,360.45308684128935,11.0386949,49.4202549
1684076795324033000,76.89303295898438,6.901046276092529,0.0144320297986269,2.7874915599823,4,9.07804012298584,266.05255126953125,360.2904200411589,11.0385678,49.4202494
1684076796325066000,77.89406591796875,1,0.11838070303201675,2.797494649887085,4,9.096872329711914,266.00006103515625,360.06649424192216,11.0384419,49.420244
1684076797303986400,78.872986328125,1.486736536026001,0.0155306626111269,2.807499647140503,4,8.990099906921387,265.9998779296875,359.8996100039687,11.0383173,49.4202385
1684076798314690800,79.88369091796875,1,0.014837230555713177,2.8175058364868164,4,8.848875999450684,265.00103759765625,359.89327269277555,11.0381941,49.4202327
1684076799311228400,80.880228515625,1,0.015541568398475647,2.827498435974121,4,8.660148620605469,264.9998779296875,359.91650952371316,11.0380726,49.4202259
1684076800296907000,81.86590698242188,1.1734752655029297,0.016183607280254364,2.8375184535980225,4,8.328608512878418,264.9997253417969,359.8974975663759,11.0379571,49.4202197
1684076801324371700,82.89337182617187,1.4618231058120728,0.24876151978969574,2.8475027084350586,4.665999889373779,7.165981292724609,265.0010681152344,359.73061666466947,11.037847,49.4202136
1684076802325321000,83.89432104492188,4.227756977081299,0.014536651782691479,2.8574962615966797,5.199999809265137,6.036836624145508,268.95361328125,359.4919193289918,11.0377635,49.4202119
1684076803334728000,84.90372802734375,7.790805816650391,0.01645449362695217,2.8674960136413574,5.599999904632568,4.1526055335998535,276.8766784667969,359.32082184622294,11.0377012,49.4202157
1684076804322931700,85.891931640625,8.968490600585938,0.35854464769363403,2.8774943351745605,6,2.805154800415039,282.9360656738281,357.6000061035156,11.0376575,49.4202221
1684076805308396300,86.87739624023438,3.7074620723724365,0.2492007166147232,2.887505531311035,6.400000095367432,3.4363973140716553,283.0011901855469,357.6000061035156,11.0376237,49.4202286
1684076806309584000,87.878583984375,8.230169296264648,0.40512555837631226,2.8974990844726562,6,4.325043678283691,282.97564697265625,357.6000061035156,11.0375792,49.4202361
1684076807324904400,88.89390454101563,8.085285186767578,0.4478180408477783,2.907500982284546,5.333000183105469,5.270310878753662,275.14813232421875,357.6000061035156,11.0375208,49.420245
1684076808317437000,89.88643701171875,3.6513733863830566,0.022272098809480667,2.9175548553466797,5,6.371124744415283,264.07666015625,357.6000061035156,11.0374368,49.4202426
1684076809323043800,90.8920439453125,3.2627623081207275,0.016862275078892708,2.9274935722351074,4.400000095367432,6.976894855499268,255.0625,359.30867616890407,11.0373387,49.4202284
1684076810319311600,91.8883115234375,1.1528031826019287,0.016068320721387863,2.937493324279785,4.400000095367432,7.213064670562744,256.9986572265625,359.3873593446827,11.0372374,49.4202112
1684076811313242600,92.88224267578126,2.4305226802825928,0.01262662373483181,2.9474945068359375,4.400000095367432,7.4891676902771,260.9837951660156,359.3831347260352,11.0371316,49.4201986
1684076812307476000,93.87647607421874,1.7158657312393188,0.013388445600867271,2.957495927810669,4.333000183105469,7.937075614929199,263.9933776855469,359.41904405183806,11.0370213,49.4201919
1684076813324505300,94.89350537109375,1,0.016162442043423653,2.967486619949341,4.400000095367432,8.617180824279785,264.99945068359375,359.71688610425,11.0369018,49.4201867
1684076814330242000,95.89924194335937,1.1962031126022339,0.019104642793536186,2.977489709854126,4.800000190734863,8.687845230102539,265.00006103515625,360.0337508721504,11.036778,49.420181
1684076815325409300,96.8944091796875,1.5728839635849,0.01869232766330242,2.987485885620117,4.400000095367432,8.425405502319336,264.9996032714844,360.1288126186586,11.0366576,49.420176
1684076816328017400,97.89701733398438,1,0.20784635841846466,2.9974851608276367,4.400000095367432,8.060214042663574,265.99920654296875,360.18585017969724,11.0365437,49.4201709
1684076817324366800,98.89336694335938,5.779446601867676,0.020231010392308235,3.0074820518493652,4.400000095367432,7.526109218597412,270.85736083984375,360.1943002214703,11.0364381,49.420171
1684076818311356700,99.88035668945312,8.926128387451172,0.02066844329237938,3.017484188079834,4.333000183105469,6.416568756103516,285.3985595703125,360.0316384010368,11.0363492,49.4201841
1684076819322737700,100.89173754882812,4.519622325897217,0.40379762649536133,3.0274875164031982,4.333000183105469,5.80504846572876,317.7078552246094,359.9598146972675,11.0362731,49.4202049
1684076820324655600,101.89365551757813,9.55380630493164,0.014577549882233143,3.03747820854187,4.333000183105469,5.212952613830566,336.43511962890625,359.9239030742238,11.0362402,49.420249
1684076821330825700,102.89982568359375,1.6579524278640747,0.02183309756219387,3.0474836826324463,4.800000190734863,5.414979934692383,352.983642578125,359.9154533027399,11.036234,49.4202982
1684076822319091700,103.888091796875,1.3356510400772095,0.016936108469963074,3.0574824810028076,5,5.9994401931762695,356.9968566894531,359.9851641700922,11.036237,49.4203521
1684076823318834000,104.887833984375,1,0.013846825808286667,3.0674777030944824,5.599999904632568,6.638644218444824,357.00018310546875,360.25978833161537,11.0362379,49.420412
1684076824321665000,105.8906650390625,1,0.01955813728272915,3.0774807929992676,5.315999984741211,6.853314399719238,356.000732421875,360.3949911961949,11.0362358,49.4204759
1684076825323807700,106.89280786132812,1,0.0124819902703166,3.087476968765259,5.650000095367432,7.066340446472168,356.0000915527344,360.5470970036871,11.0362334,49.4205399
1684076826327402000,107.89640209960938,1,0.012036814354360104,3.097482442855835,5.315999984741211,7.115725517272949,356.0000305175781,360.6717413029328,11.0362304,49.4206049
1684076827337186000,108.90618603515625,1,0.011917983181774616,3.107476234436035,4.78000020980835,6.970371723175049,355.99993896484375,360.6717413029328,11.0362259,49.4206695
1684076828327096000,109.89609594726562,1.187893271446228,0.012383225373923779,3.11747670173645,4.380000114440918,6.707952976226807,355.9998474121094,360.68652973158544,11.0362204,49.4207318
1684076829325713000,110.894712890625,1,0.012566015124320984,3.1274735927581787,4.400000095367432,6.37194299697876,355.9998779296875,360.5808986659277,11.036216,49.4207908
1684076830327346000,111.89634594726563,1,0.012774880975484848,3.137464761734009,4.400000095367432,6.141695499420166,355.9999084472656,360.55132220407626,11.0362106,49.4208466
1684076831350064400,112.919064453125,1,0.013996308669447899,3.1474993228912354,4.800000190734863,5.598587989807129,355.99981689453125,360.43935510732643,11.0362072,49.4208979
1684076832338280400,113.90728051757813,1,0.011646538972854614,3.1574673652648926,5.199999809265137,4.7104644775390625,355.999755859375,360.2365505570397,11.0362053,49.4209411
1684076833320877600,114.88987768554688,2.343472480773926,0.015145841054618359,3.1674654483795166,5.333000183105469,3.7375292778015137,356.9976806640625,360.067550481768,11.0362034,49.4209752
1684076834336559400,115.90555932617187,1,0.01260353997349739,3.1774704456329346,5.599999904632568,3.066500186920166,356.9999084472656,359.8351808948798,11.0362036,49.4210017
1684076835330324200,116.89932421875,4.523187160491943,0.012547852471470833,3.1874663829803467,5.199999809265137,2.48624587059021,356.99871826171875,359.54578406807246,11.0362036,49.4210232
1684076836323869400,117.89286938476563,1.1759206056594849,0.01212375983595848,3.197470188140869,5.333000183105469,1.9876234531402588,356.99993896484375,359.4634028413714,11.0362039,49.4210407
1684076837323234600,118.89223461914062,1,0.012842579744756222,3.20745849609375,5.333000183105469,2.0006186962127686,358.9998779296875,359.4338302891511,11.0362049,49.4210559
1684076838324341500,119.89334155273437,3.3836452960968018,0.012138612568378448,3.217456340789795,5.199999809265137,2.6327061653137207,359.0002746582031,359.469739830307,11.0362054,49.4210757
1684076839307323400,120.87632348632812,7.76206111907959,0.012296569533646107,3.227475166320801,5.333000183105469,3.6226511001586914,1.9683781862258911,359.9154533027399,11.0362067,49.4211048
1684076840342191400,121.91119140625,2.306210994720459,0.012762623839080334,2.345141649246216,6,4.603612899780273,4.996949672698975,360.0485381847288,11.0362129,49.4211546
1684076841330122200,122.89912231445312,5.412118911743164,0.01262699905782938,2.3452324867248535,6,5.866822242736816,8.929157257080078,360.16895012148933,11.0362245,49.4211993
1684076842335319300,123.9043193359375,2.5636720657348633,0.020615799352526665,2.3438172340393066,6,7.169222831726074,11.979745864868164,360.578786058077,11.0362457,49.4212601
1684076843327071200,124.8960712890625,1,0.018210003152489662,2.344557285308838,5.665999889373779,8.354588508605957,16.99434471130371,360.94216237281677,11.0362797,49.4213326
1684076844330790700,125.89979077148438,1.439829707145691,0.01802295632660389,2.3421266078948975,5.599999904632568,9.488161087036133,22.984554290771484,361.2696369679209,11.0363284,49.4214115
1684076845334953000,126.90395288085938,1.4210292100906372,0.017472034320235252,2.340745449066162,5.665999889373779,10.218070030212402,27.98761558532715,361.4090816143282,11.0363959,49.4214948
1684076846318845000,127.88784497070313,1.5866144895553589,0.024083303287625313,2.3400299549102783,5.333000183105469,10.924941062927246,31.986696243286133,362.18029430408967,11.036479,49.421579
1684076847313143800,128.88214379882814,1.7112568616867065,0.041489407420158386,2.3382327556610107,5,11.702156066894531,33.98983383178711,362.4444244135608,11.0365733,49.4216656
1684076848313754600,129.88275463867188,1.5604289770126343,0.44062548875808716,2.335681438446045,5,12.261590003967285,35.98800277709961,362.7001102207995,11.0366719,49.4217554
1684076849326426600,130.89542651367188,1.087074637413025,0.021624712273478508,2.3380963802337646,5.333000183105469,12.690862655639648,35.99922180175781,362.8480311611795,11.0367792,49.4218474
1684076850331437800,131.90043774414062,1,0.02380233071744442,2.3349990844726562,5,13.31065845489502,35.99900436401367,363.54118090644783,11.0368916,49.4219437
1684076851316907300,132.8859072265625,1,0.013092693872749805,2.3319547176361084,4.665999889373779,13.712409019470215,35.99931716918945,364.192117171113,11.0370061,49.4220435
1684076852317131000,133.88613110351562,1,0.013808757066726685,2.332494020462036,4.800000190734863,13.670541763305664,35.00160598754883,365.0882932541969,11.0371199,49.4221443
1684076853332502500,134.90150244140625,1,0.018295465037226677,2.328256130218506,4.400000095367432,13.298502922058105,34.002197265625,365.5977187096069,11.0372279,49.4222441
1684076854325213400,135.89421337890624,1,0.01495604868978262,2.3268558979034424,4.333000183105469,12.901883125305176,33.00226974487305,365.5977187096069,11.037328,49.4223404
1684076855327732700,136.89673266601562,1,0.014322850853204727,2.333305835723877,4,12.399300575256348,32.002410888671875,365.0037442818609,11.0374225,49.422435
1684076856329275400,137.898275390625,1,0.013392297551035881,2.3328399658203125,4,11.946856498718262,32.00088882446289,364.6888068016638,11.0375116,49.4225275
1684076857321901800,138.89090185546874,1,0.013246220536530018,2.332634925842285,4,11.329549789428711,32.001155853271484,364.66555684874055,11.0375957,49.4226152
1684076858329118500,139.89811840820312,1.7951676845550537,0.41079986095428467,2.3384060859680176,4,9.881537437438965,31.994251251220703,364.6888068016638,11.0376747,49.4226977
1684076859341977900,140.91097778320312,1.9203076362609863,0.014555275440216064,2.3383634090423584,4,8.331591606140137,35.99611282348633,364.57678488941417,11.0377429,49.422761
1684076860335542300,141.90454223632813,11.567763328552246,0.45918869972229004,2.34014892578125,4,7.740169048309326,50.91590118408203,364.0653074740405,11.0378072,49.422815
1684076861344393500,142.9133935546875,4.545449733734131,0.3822912871837616,2.3513410091400146,4,6.695632457733154,72.71221923828125,363.91525178985813,11.0378863,49.4228517
1684076862317057500,143.8860576171875,17.828840255737305,0.015669893473386765,2.3522393703460693,4.333000183105469,6.381330490112305,85.47630310058594,363.54540760362903,11.0379713,49.4228563
1684076863345740000,144.91473999023438,5.612007141113281,0.09966565668582916,2.3506529331207275,4.800000190734863,7.26073694229126,106.67396545410156,363.503140726925,11.0380631,49.4228373
1684076864317303000,145.88630297851563,9.662535667419434,0.030017293989658356,2.3481526374816895,5,8.375657081604004,116.28266143798828,363.536954211381,11.0381603,49.422799
1684076865321524700,146.89052465820313,8.70967960357666,0.01572478376328945,2.3570892810821533,5.333000183105469,10.02125358581543,118.68672943115234,363.57922125715265,11.0382753,49.4227495
1684076866323956700,147.89295678710937,4.327592372894287,0.016797441989183426,2.352919340133667,6,11.459126472473145,118.94915008544922,363.6679827411863,11.0384076,49.4226967
1684076867320518100,148.88951806640625,7.24226188659668,0.016501957550644875,2.350252151489258,6.800000190734863,12.825264930725098,117.90825653076172,363.8032401280988,11.03856,49.4226387
1684076868337170400,149.90617041015625,4.146340370178223,0.015271982178092003,2.3467376232147217,7,14.094550132751465,117.95262145996094,363.788446245995,11.0387318,49.4225751
1684076869326749000,150.8957490234375,1.4765976667404175,0.01532402541488409,2.3541276454925537,7.599999904632568,14.957633018493652,117.99491882324219,363.8708696331345,11.0389132,49.4225088
1684076870324034300,151.8930344238281,2.274144411087036,0.014878997579216957,2.3493435382843018,7.599999904632568,15.7294340133667,117.98807525634766,363.86452934405173,11.0391079,49.422438
1684076871315434800,152.88443481445313,1,0.02394280955195427,2.342923402786255,7.333000183105469,16.41464614868164,117.00035858154297,363.8708696331345,11.039308,49.4223666
1684076872320895200,153.8898952636719,1,0.025455662980675697,2.339301824569702,6.800000190734863,17.02525520324707,116.000732421875,363.8370548129835,11.0395184,49.4222949
1684076873308672800,154.8776728515625,1,0.015120593830943108,2.3455650806427,6.333000183105469,17.395557403564453,115.99870300292969,363.5665411212318,11.039735,49.4222239
1684076874326761500,155.89576147460937,1,0.012396778911352158,2.341426372528076,5.599999904632568,17.7724666595459,115.00177001953125,363.41649429036846,11.0399572,49.422152
1684076875313537500,156.88253759765624,1,0.013012643903493881,2.3386008739471436,5.665999889373779,18.077360153198242,114.9988784790039,363.20939177211613,11.0401825,49.4220821
1684076876332394000,157.90139404296875,1,0.013301507569849491,2.336381196975708,5.599999904632568,18.353666305541992,114.00239562988281,362.841691639217,11.0404155,49.422011
1684076877340951600,158.90995166015625,1,0.0127419950440526,2.345109224319458,5.599999904632568,18.78461456298828,113.00202178955078,362.809994100719,11.0406522,49.4219418
1684076878327571200,159.8965712890625,1,0.012960376217961311,2.341000556945801,6,19.434316635131836,112.99736785888672,362.9536905604976,11.0408957,49.4218731
1684076879331745300,160.90074536132812,1,0.012930721044540405,2.3337411880493164,6,20.027372360229492,112.0018081665039,364.1075771616983,11.0411513,49.4218024
1684076880328362200,161.8973623046875,1,0.015267828479409218,2.332998275756836,5.599999904632568,20.361242294311523,111.00321197509766,364.4732187817593,11.0414139,49.4217329
1684076881325088000,162.894087890625,1,0.015122806653380394,2.328780174255371,5.333000183105469,20.58779525756836,110.00390625,364.6993749832228,11.0416802,49.4216654
1684076882328997000,163.8979970703125,1,0.11450596153736115,2.334401845932007,5.665999889373779,20.824844360351562,109.9991455078125,365.20877700091984,11.0419478,49.4215982
1684076883315492600,164.88449267578125,1,0.015322789549827576,2.3310136795043945,6,20.94843292236328,109.99949645996094,365.34617284288635,11.0422148,49.4215292
1684076884327075300,165.8960754394531,1,0.012839730829000473,2.327770233154297,6,21.215585708618164,110.99392700195312,365.32714867003176,11.0424875,49.4214566
1684076885323287600,166.89228759765626,1,0.013262485153973103,2.327080011367798,6,21.5422306060791,111.99349975585938,365.4243837811008,11.0427629,49.4213806
1684076886338769000,167.90776879882813,1,0.015528465621173382,2.3349783420562744,6.800000190734863,21.691373825073242,111.99935913085938,365.54275846941465,11.043046,49.4213
1684076887342635500,168.91163549804688,1,0.012648279778659344,2.330505132675171,6.400000095367432,21.832155227661133,111.99938201904297,366.28686589784354,11.0433288,49.4212238
1684076888328517400,169.89751733398438,1,0.02880333550274372,2.3268773555755615,6.400000095367432,21.964818954467773,111.99940490722656,366.8005919157457,11.0436083,49.4211495
1684076889327164000,170.89616381835938,1,0.014548778533935547,2.3229801654815674,6.400000095367432,22.079326629638672,111.9994888305664,367.16212153315877,11.0438919,49.4210728
1684076890319555300,171.8885554199219,1,0.012739033438265324,2.3206281661987305,6.333000183105469,22.217370986938477,111.99938201904297,367.2805205582971,11.0441732,49.4209964
1684076891321463000,172.89046313476564,1,0.012608442455530167,2.3290421962738037,6.333000183105469,22.230016708374023,111.99995422363281,367.2213208384367,11.0444568,49.4209194
1684076892305881300,173.87488134765624,1,0.013000288978219032,2.3272550106048584,6.333000183105469,22.31001853942871,111.99964904785156,366.6610583040965,11.0447391,49.420843
1684076893314259200,174.88325927734374,1,0.012953230179846287,2.3243377208709717,6.333000183105469,22.591068267822266,111.99872589111328,366.6610583040965,11.0450263,49.4207637
1684076894335080000,175.90407983398438,1,0.013336987234652042,2.3192291259765625,6,22.880481719970703,112.99324035644531,367.2805205582971,11.0453184,49.4206813
1684076895329916000,176.898916015625,1,0.01441300380975008,2.318343162536621,6,22.78026580810547,113.00045776367188,367.2910919804693,11.0456065,49.4205989
1684076896335214300,177.90421435546875,1,0.013835085555911064,2.3159263134002686,6,22.666658401489258,113.99514770507812,366.59129236196065,11.0458946,49.4205155
1684076897293901800,178.86290185546875,1,0.013656243681907654,2.2933366298675537,5.665999889373779,22.63265609741211,114.00018310546875,365.960711872892,11.046175,49.4204308
1684076898312443600,179.88144360351563,1,0.013331620022654533,2.2930874824523926,5.333000183105469,22.658021926879883,113.9999008178711,365.97339582673504,11.046464,49.4203449
1684076899316166000,180.88516577148437,1,0.016321411356329918,2.2899858951568604,5,22.624109268188477,114.00017547607422,365.99030779479915,11.0467479,49.4202594
1684076900325620700,181.89462084960937,1,0.014732833951711655,2.285773515701294,5,22.612394332885742,114.00006866455078,365.9924217931863,11.0470325,49.4201742
1684076901314632400,182.8836325683594,1,0.01457128208130598,2.2832493782043457,5,22.617691040039062,114,365.98185180653815,11.0473142,49.4200893
1684076902309454800,183.87845483398436,1,0.014982463791966438,2.2937510013580322,5.199999809265137,22.602134704589844,114.99482727050781,365.886722521454,11.0475972,49.4200029
1684076903321173800,184.890173828125,1,0.025861306115984917,2.293064594268799,5.599999904632568,22.5950927734375,115.00001525878906,365.168002521756,11.0478812,49.4199143
1684076904315832800,185.88483276367188,1,0.014618247747421265,2.2953579425811768,6,22.545045852661133,115.00023651123047,364.1111723412822,11.048162,49.4198278
1684076905310089700,186.87908984375,1,0.0169072225689888,2.294191598892212,6.665999889373779,22.59369468688965,114.99979400634766,363.79837594872976,11.048443,49.4197404
1684076906313701400,187.88270141601564,1,0.016866445541381836,2.295093059539795,6.665999889373779,22.587337493896484,115.99494934082031,363.29538980452304,11.0487246,49.4196502
1684076907317883400,188.88688330078125,1,0.015576908364892006,2.2985329627990723,6.800000190734863,22.54572105407715,115.00535583496094,362.41840571821473,11.0490036,49.4195594
1684076908316303600,189.8853037109375,1,0.01623491570353508,2.307424783706665,6.665999889373779,22.53980255126953,115.99497985839844,362.3845961049872,11.0492824,49.41947
1684076909313338400,190.88233837890624,1,0.016029614955186844,2.3062193393707275,6.665999889373779,22.50879669189453,116.00013732910156,362.41840571821473,11.04956,49.4193788
1684076910321872000,191.8908718261719,1,0.020899698138237,2.305161952972412,6,22.476207733154297,116.00015258789062,362.8093391923706,11.0498388,49.419288
1684076911310610400,192.8796103515625,1,0.01461649127304554,2.303537130355835,6,22.465139389038086,116.00006866455078,362.9910765848292,11.0501146,49.4191985
1684076912317941800,193.8869416503906,1,0.013915571384131908,2.301748275756836,5.599999904632568,22.466327667236328,116,362.9783971050791,11.0503931,49.4191081
1684076913314045200,194.88304516601562,1,0.013543559238314629,2.301530122756958,5.333000183105469,22.467662811279297,116,362.98473684257624,11.0506701,49.4190186
1684076914312534800,195.88153466796874,2.135593891143799,0.39397966861724854,2.305769920349121,5.665999889373779,22.448009490966797,116.00035858154297,363.0079825874138,11.0509469,49.4189289
1684076915309720300,196.87872021484375,2.158276319503784,0.4560154974460602,2.344071388244629,6,22.454021453857422,116.00028228759766,362.8748487323171,11.051222,49.4188383
1684076916322347500,197.89134741210938,1.3310630321502686,0.375783771276474,2.3587591648101807,7.199999809265137,22.129249572753906,116.00118255615234,362.8748487323171,11.0514999,49.418748
1684076917313325800,198.88232592773437,1.2422370910644531,0.3861345946788788,2.364622116088867,8,22.466876983642578,116.98943328857422,362.69945336214033,11.0517678,49.41866
1684076918310295800,199.8792958984375,1,0.05967596918344498,2.3229563236236572,9.333000183105469,21.89040756225586,117.99758911132812,362.5050434693375,11.0520357,49.4185662
1684076919312900400,200.881900390625,1,0.022213419899344444,2.3183295726776123,11.199999809265137,22.48431968688965,117.00216674804688,362.1437065247633,11.0522974,49.4184708
1684076920321085400,201.89008544921876,1,0.014809622429311275,2.345503807067871,11.199999809265137,22.50800323486328,117.99512481689453,362.105671955381,11.0525656,49.4183762
1684076921338645800,202.9076457519531,1,0.02746572345495224,2.361828565597534,10.399999618530273,22.516849517822266,117.99993133544922,362.1711760424126,11.0528377,49.4182818
1684076922305484000,203.87448413085937,1,0.014230555854737759,2.3788323402404785,10,22.49749755859375,118.99520111083984,362.74805653395254,11.0531059,49.4181896
1684076923306113500,204.87511352539062,1,0.015829430893063545,2.3383030891418457,9.333000183105469,22.50599479675293,118.99994659423828,362.80511278787134,11.0533794,49.4180906
1684076924306521900,205.87552197265626,1,0.02984839677810669,2.3520781993865967,8.333000183105469,22.4758243560791,119.99552154541016,363.1918375487277,11.0536478,49.4179893
1684076925317716200,206.88671630859375,1,0.014846192672848701,2.3656744956970215,7.333000183105469,22.500246047973633,119.99988555908203,363.74342642636856,11.0539166,49.4178865
1684076926311671000,207.88067114257814,1,0.01483827456831932,2.3721461296081543,7,22.502552032470703,120.00000762939453,363.8765739617793,11.0541814,49.4177829
1684076927341924900,208.9109248046875,1,0.013646112754940987,2.33225154876709,6.400000095367432,22.498313903808594,120.99566650390625,363.7856952580207,11.0544481,49.4176761
1684076928306330000,209.875330078125,1,0.012887799181044102,2.3296449184417725,5.599999904632568,22.520017623901367,120.99992370605469,363.34822307679576,11.0547046,49.41757
1684076929325895700,210.89489575195313,1,0.012269222177565098,2.3647899627685547,5.199999809265137,22.49785041809082,121.99578094482422,363.34822307679576,11.0549705,49.4174617
1684076930316447500,211.8854475097656,1,0.012545667588710785,2.3767831325531006,5,22.484416961669922,122.00004577636719,363.7476533000235,11.0552284,49.4173536
1684076931315166200,212.88416625976564,1,0.012753477320075035,2.379350423812866,4.400000095367432,22.51593589782715,122.99561309814453,364.2865970055696,11.0554916,49.4172426
1684076932311902700,213.88090283203124,1,0.012630985118448734,2.3415157794952393,4.333000183105469,22.516220092773438,123,364.4535708507437,11.0557519,49.4171295
1684076933319174700,214.88817456054687,1,0.012859108857810497,2.336388111114502,4,22.506376266479492,123.99586486816406,364.3732539059485,11.0560111,49.4170157
1684076934303769000,215.87276904296874,1,0.01267005130648613,2.3615946769714355,4,22.513635635375977,123.9999771118164,364.4451163995652,11.0562658,49.4169013
1684076935308008400,216.87700854492186,1,0.013100891374051571,2.3737847805023193,4,22.51564598083496,124.00000762939453,364.59729781448436,11.0565222,49.4167846
1684076936300426200,217.86942626953126,1,0.014976711943745613,2.37807297706604,4,22.505849838256836,124.99589538574219,364.78964213347643,11.0567757,49.4166678
1684076937290771700,218.85977172851562,1,0.013918775133788586,2.351999282836914,4.333000183105469,22.513425827026367,124.9999771118164,365.07288239482904,11.0570272,49.4165494
1684076938323413500,219.89241357421875,1,0.014077413827180862,2.3465304374694824,4.800000190734863,22.501754760742188,125.00004577636719,365.3497906306433,11.0572831,49.4164277
1684076939300655600,220.86965551757814,1,0.014390735886991024,2.3638916015625,5,22.519514083862305,125.99583435058594,366.04315791307135,11.0575298,49.416309
1684076940294595300,221.86359521484374,1,0.11138934642076492,2.3765676021575928,5.333000183105469,22.536828994750977,125.99996185302734,366.04315791307135,11.0577778,49.4161857
1684076941319770000,222.88877001953125,1,0.014386234804987907,2.3846607208251953,6,22.514436721801758,126.99618530273438,365.66687226967554,11.0580308,49.416061
1684076942326822000,223.89582177734374,1,0.013820797204971313,2.356062412261963,6,22.522676467895508,126.99996948242188,365.46393865055165,11.0582767,49.4159378
1684076943301235700,224.87023559570312,1,0.01380000077188015,2.352128028869629,6,22.507709503173828,127.00004577636719,365.6457331237119,11.0585169,49.4158165
1684076944314068500,225.883068359375,1,0.11038679629564285,2.386791706085205,6.400000095367432,22.47121238708496,126.00431060791016,365.8190756811408,11.0587653,49.415695
1684076945312157400,226.88115747070313,1,0.012662175111472607,2.3771402835845947,6.800000190734863,22.507713317871094,125.99992370605469,366.26936015282485,11.0590109,49.4155758
1684076946314704000,227.88370385742186,1,0.013655413873493671,2.3892674446105957,7,22.50848960876465,126,366.563220699811,11.0592606,49.4154552
1684076947317036800,228.8860368652344,1,0.013801091350615025,2.362720251083374,7.333000183105469,22.5025691986084,125.00411987304688,366.78098006886427,11.05951,49.4153336
1684076948318371800,229.8873718261719,1,0.014743302948772907,2.3667166233062744,7.599999904632568,22.52623176574707,124.99996185302734,366.6118460918865,11.0597639,49.415214
1684076949314561500,230.8835615234375,1,0.01539007667452097,2.374241352081299,7.199999809265137,22.51494789123535,124.00423431396484,366.46174252166196,11.0600187,49.4151002
1684076950316762000,231.88576220703126,1,0.01611744426190853,2.3794543743133545,6.800000190734863,22.50939178466797,123.0042953491211,366.5336227720127,11.0602778,49.4149892
1684076951300876800,232.86987670898438,1,0.02250797674059868,2.387486696243286,6.665999889373779,22.5153865814209,121.00906372070312,366.86766254366074,11.0605384,49.4148828
1684076952312793600,233.8817937011719,1,0.02844412624835968,2.3877131938934326,6.333000183105469,22.50885581970215,120.00458526611328,368.0432492366965,11.0608077,49.4147807
1684076953311332600,234.88033251953124,1,0.017922792583703995,2.3662333488464355,6,22.500507354736328,118.00963592529297,368.0432492366965,11.0610792,49.4146839
1684076954321962500,235.89096240234375,1,0.06274006515741348,2.371873378753662,6,22.340967178344727,116.01070404052734,368.0136461263671,11.0613562,49.4145925
1684076955307964700,236.87696459960938,1,0.022919900715351105,2.4496428966522217,6,22.5374813079834,115.00434875488281,367.8719755335803,11.061633,49.4145074
1684076956310095000,237.87909521484374,1,0.01663162186741829,2.4567720890045166,6,22.498950958251953,114.00547790527344,367.6647601367011,11.0619169,49.414424
1684076957309858300,238.8788583984375,1,0.01942010410130024,2.4660696983337402,6,22.540407180786133,113.00526428222656,367.75990943313815,11.0622024,49.4143426
1684076958315554000,239.88455395507813,1,0.012585422024130821,2.4728844165802,6,22.525461196899414,112.00563049316406,367.8275718066399,11.0624912,49.4142633
1684076959318506000,240.88750610351562,1,0.012729361653327942,2.4474403858184814,6,22.51232147216797,111.00577545166016,368.22087007574476,11.0627791,49.4141854
1684076960321152500,241.8901525878906,1,0.013276241719722748,2.452333927154541,6,22.52887535095215,110.99998474121094,368.1426318653021,11.0630687,49.4141092
1684076961320625400,242.88962548828124,1,0.015626342967152596,2.499886989593506,6,22.529356002807617,111.00001525878906,363.7814683653437,11.0633587,49.4140343
1684076962300806400,243.86980639648436,1,0.014819345436990261,2.5817527770996094,5.665999889373779,22.533700942993164,111.99432373046875,361.8563384608225,11.0636464,49.4139576
1684076963315270100,244.88427026367188,1,0.013199329376220703,2.5944983959198,5.333000183105469,22.528078079223633,112.00001525878906,361.49714211800955,11.0639367,49.4138779
1684076964327931600,245.896931640625,1,0.015851708129048347,2.5941150188446045,4.800000190734863,22.545808792114258,113.9893798828125,361.39149903946793,11.0642234,49.4137955
1684076965328364500,246.89736450195312,1,0.015574727207422256,2.593001127243042,4.800000190734863,22.631601333618164,115.98934173583984,361.31754967002735,11.0645044,49.4137073
1684076966324438800,247.89343872070313,1,0.2743036150932312,2.5889151096343994,5.199999809265137,22.698333740234375,117.98749542236328,361.31754967002735,11.0647827,49.4136181
1684076967316675300,248.88567529296876,1.7902724742889404,0.05847254768013954,2.5897698402404785,6,22.948030471801758,119.96623229980469,361.4231918244045,11.0650516,49.4135165
1684076968310582000,249.87958203125,1.0336333513259888,0.3098815977573395,2.6162400245666504,6.333000183105469,22.692829132080078,121.98695373535156,361.6323671850767,11.0653202,49.4134112
1684076969306998000,250.875998046875,1.002413034439087,0.38760486245155334,2.6253957748413086,7.665999889373779,22.595727920532227,122.99256896972656,361.6894159090395,11.0655836,49.4133033
1684076970314520300,251.88352026367187,1.0080006122589111,0.3458579480648041,2.6205546855926514,9,22.7356014251709,124.98657989501953,361.9218406158093,11.065846,49.4131856
1684076971308199700,252.87719970703125,1.5946595668792725,0.05679765343666077,2.6040310859680176,10,22.77507209777832,128.95944213867188,362.3761437228084,11.0660944,49.4130572
1684076972316226600,253.8852265625,1,0.08738140761852264,2.5905139446258545,10.666000366210938,22.33350372314453,130.99264526367188,362.4226319293754,11.0663285,49.4129163
1684076973317656300,254.88665625,1,0.02773056924343109,2.582054376602173,11.199999809265137,22.78924560546875,132.9922637939453,362.4712335095957,11.0665431,49.4127643
1684076974302594300,255.87159423828126,1,0.025658171623945236,2.60690975189209,10.666000366210938,22.785675048828125,134.9923095703125,362.6339451814144,11.0667558,49.4126144
1684076975328343800,256.89734375,1,0.024541186168789864,2.6119632720947266,9.600000381469727,22.798328399658203,136.9925994873047,362.74383016009205,11.066964,49.412456
1684076976317594400,257.88659448242186,1,0.016689270734786987,2.6096127033233643,8.800000190734863,22.800182342529297,139.98825073242188,362.87907517168225,11.0671627,49.4122985
1684076977325269500,258.89426953125,1,0.016653984785079956,2.587181568145752,7.599999904632568,22.77685546875,141.99203491210938,363.3778098535041,11.0673524,49.4121336
1684076978310144800,259.8791447753906,1,0.02338494546711445,2.580273151397705,7.333000183105469,22.83561897277832,143.9917755126953,363.46234407185284,11.067535,49.4119654
1684076979316800500,260.8858005371094,1.9513850212097168,0.018252495676279068,2.5714383125305176,6.800000190734863,22.800508499145508,145.96754455566406,363.5384255911499,11.0677106,49.411793
1684076980305579500,261.87457958984373,1,0.018087709322571754,2.594555377960205,6.665999889373779,22.79338836669922,147.99102783203125,363.5151783876038,11.0678759,49.4116206
1684076981307591400,262.87659130859373,1,0.01643294282257557,2.5970613956451416,6.333000183105469,22.792585372924805,148.99542236328125,363.5151783876038,11.0680332,49.4114423
1684076982310621700,263.87962158203123,1,0.025105543434619904,2.595590353012085,6,22.818883895874023,149.99542236328125,363.61028098812335,11.0681866,49.4112622
1684076983318824200,264.88782421875,1,0.014935970306396484,2.582038164138794,6,22.801645278930664,150.9951629638672,363.762447374457,11.0683354,49.4110802
1684076984308353500,265.877353515625,1,0.015980716794729233,2.579418182373047,6,22.806962966918945,151.9950408935547,364.13864825308036,11.068479,49.4108997
1684076985325685500,266.894685546875,1,0.014598374255001545,2.596158981323242,5.599999904632568,22.813215255737305,152.0000457763672,364.2020545442241,11.0686197,49.4107156
1684076986325697300,267.894697265625,1,0.013621042482554913,2.5958309173583984,5.199999809265137,22.80238151550293,152.99493408203125,364.19994099352226,11.0687613,49.4105324
1684076987328870400,268.8978703613281,1,0.013008974492549896,2.595034122467041,4.800000190734863,22.816526412963867,153.00006103515625,364.204168095452,11.0689013,49.4103474
1684076988313132000,269.8821320800781,1,0.013000724837183952,2.5894882678985596,4.665999889373779,22.815271377563477,153,364.26968844565937,11.0690411,49.4101629
1684076989313425700,270.88242578125,1,0.013497471809387207,2.568005323410034,4,22.810176849365234,153,364.4704797784653,11.0691802,49.4099779
1684076990310242600,271.87924267578126,1,0.012955891899764538,2.5663585662841797,4,22.896081924438477,153.99520874023438,364.6395709159499,11.0693182,49.4097941
1684076991319789800,272.8887897949219,1,0.012920595705509186,2.562285900115967,4,22.99833106994629,154.00047302246094,364.77695995569724,11.0694531,49.4096077
1684076992309089500,273.8780895996094,1,0.014352251775562763,2.583367109298706,4,23.04295539855957,154.00022888183594,364.8741904715818,11.069587,49.4094214
1684076993317033000,274.8860329589844,1,0.012786585837602615,2.586872100830078,4,23.07194709777832,154.9947967529297,365.01158332461216,11.0697196,49.4092309
1684076994316974000,275.88597412109374,1,0.013344623148441315,2.579416036605835,4,23.07834243774414,155.00003051757812,365.1109303171594,11.0698484,49.4090413
1684076995318045200,276.88704516601564,1,0.016648970544338226,2.559173345565796,4,23.082090377807617,155.99449157714844,365.27580662620204,11.069978,49.4088509
1684076996316943600,277.8859436035156,1,0.01992166042327881,2.558454751968384,4,23.113176345825195,156.00013732910156,365.3667013511469,11.0701055,49.4086595
1684076997314044700,278.88304467773435,1,0.0165390707552433,2.56037974357605,4,23.098024368286133,155.99993896484375,365.44491387352554,11.0702325,49.4084678
1684076998324737500,279.89373754882814,1,0.023793786764144897,2.5808377265930176,4,23.07539939880371,156.99429321289062,365.4829634703921,11.0703572,49.4082751
1684076999323079000,280.8920788574219,1,0.019625667482614517,2.581759214401245,4,23.14603042602539,157.99449157714844,365.5358104168329,11.0704734,49.4080814
1684077000313130800,281.882130859375,1.4164795875549316,0.5368215441703796,2.579214334487915,4.665999889373779,23.672637939453125,158.98536682128906,365.5780882118592,11.0705912,49.4078877
1684077001311961000,282.8809611816406,17.673505783081055,1.2852531671524048,2.5825841426849365,6.665999889373779,23.50733757019043,158.90940856933594,365.96282586387804,11.070708,49.4076886
1684077002289069300,283.8580693359375,5.9806108474731445,0.7835163474082947,2.5677833557128906,8.666000366210938,23.883846282958984,159.01251220703125,366.563220699811,11.0708239,49.4074906
1684077003298367700,284.8673676757812,1.9168174266815186,0.47722128033638,2.5727274417877197,10.666000366210938,23.540729522705078,158.99847412109375,366.662585929657,11.070941,49.4072853
1684077004301368600,285.87036865234376,1,0.12786348164081573,2.5704288482666016,12.666000366210938,22.851329803466797,158.9971923828125,366.71966861119483,11.0710552,49.4070847
1684077005326664700,286.89566479492186,1,0.11426672339439392,2.5936062335968018,15.199999809265137,22.49245262145996,158.99851989746094,366.6837276186161,11.0711663,49.4068868
1684077006322527200,287.89152734375,1,0.13647961616516113,2.59159517288208,14.399999618530273,22.199600219726562,158.99884033203125,366.7154402511946,11.0712684,49.4066976
1684077007298211300,288.86721142578125,1,0.018470274284482002,2.5778615474700928,13.600000381469727,22.260271072387695,159.9945068359375,366.7365820723417,11.0713646,49.4065151
1684077008325827300,289.8948273925781,1,0.01789570227265358,2.56790828704834,12.800000190734863,22.395130157470703,160.0006103515625,366.78309426499015,11.0714622,49.4063243
1684077009316575200,290.8855751953125,1,0.01738567277789116,2.563783645629883,11.199999809265137,22.221900939941406,159.99925231933594,366.8274925058018,11.0715562,49.4061398
1684077010319913700,291.88891381835936,1,0.01750677078962326,2.5726354122161865,10.666000366210938,21.943998336791992,159.99879455566406,366.88034785843064,11.0716546,49.4059546
1684077011316825000,292.8858251953125,1,0.01669244095683098,2.5690805912017822,10,21.65847396850586,160.99319458007812,366.88880474552167,11.0717522,49.4057712
1684077012310803700,293.8798037109375,1,0.01497612614184618,2.589289903640747,8.399999618530273,21.751596450805664,161.00038146972656,366.8761194180596,11.0718456,49.4055868
1684077013317012500,294.8860124511719,1,0.016018619760870934,2.5899784564971924,8,22.370193481445312,161.99693298339844,366.8866905229562,11.0719423,49.4053962
1684077014312557800,295.88155786132813,1,0.02008354850113392,2.5856435298919678,7,22.246822357177734,161.9994354248047,366.9120612286419,11.0720385,49.405203
1684077015317043500,296.88604345703123,1,0.016335012391209602,2.568876028060913,6.665999889373779,22.26886558532715,162.0000762939453,367.0093163058402,11.0721369,49.4050115
1684077016318779000,297.88777880859374,1,0.012449546717107296,2.574983835220337,6,22.705196380615234,161.0078887939453,367.27783069769464,11.0722371,49.4048202
1684077017307322400,298.876322265625,1,0.015309744514524937,2.5579605102539062,6,23.629940032958984,159.01678466796875,367.5104091114533,11.0723478,49.4046263
1684077018316592400,299.88559228515624,1.5157099962234497,0.015230239368975163,2.5580220222473145,6,24.603239059448242,158.02572631835938,367.73665061733095,11.0724745,49.4044206
1684077019315295500,300.88429541015626,1,0.01650185137987137,2.5741288661956787,6,25.70768165588379,158.00595092773438,368.0876540965683,11.0726033,49.404205
1684077020319501800,301.8885017089844,2.183072328567505,0.02281901240348816,2.5636589527130127,5.599999904632568,26.85326385498047,160.91860961914062,368.5274862584003,11.0727267,49.4039758
1684077021313126000,302.8821259765625,1,0.023046495392918587,2.570737838745117,5.333000183105469,27.89240074157715,162.9874725341797,369.6758098142475,11.0728384,49.4037369
1684077022305405200,303.8744052734375,1,0.023183586075901985,2.5721843242645264,5.333000183105469,28.9371280670166,163.00570678710938,370.60854098689606,11.0729473,49.4034893
1684077023310595000,304.8795949707031,1,0.022953171283006668,2.560436964035034,5.333000183105469,30.022808074951172,163.99546813964844,370.9385113514901,11.07306,49.4032297
1684077024325827800,305.8948278808594,1,0.0188955906778574,2.550487756729126,4.800000190734863,31.019563674926758,164.0055694580078,371.23041894955054,11.0731748,49.4029589
1684077025334243800,306.90324389648435,1,0.016461225226521492,2.552584171295166,4.800000190734863,32.27809524536133,163.0196533203125,371.68733803602885,11.0732968,49.4026814
1684077026313812500,307.8828125,1,0.015746455639600754,2.551274299621582,4.800000190734863,33.60082244873047,163.00875854492188,372.7747355545246,11.0734276,49.4023943
1684077027317207600,308.88620751953124,1,0.017590489238500595,2.559232234954834,4.400000095367432,34.88440704345703,163.0084991455078,374.2008345736941,11.0735658,49.4020918
1684077028336149800,309.90514965820313,1,0.015329940244555473,2.5678040981292725,4,36.07796096801758,163.00811767578125,374.6282879662793,11.0737084,49.401779
1684077029305623000,310.874623046875,1,0.016489315778017044,2.572664260864258,4,37.26777648925781,163.0085906982422,376.9839015650437,11.0738539,49.401463
1684077030299090400,311.8680903320313,1,0.016569441184401512,2.5792477130889893,4,38.45348358154297,162.0256805419922,377.83487756744177,11.0740105,49.4011323
1684077031299452700,312.86845263671876,1,0.015572723001241684,2.559135675430298,4,39.40898895263672,162.007568359375,378.13125748231226,11.0741778,49.4007939
1684077032316232200,313.8852321777344,1,0.012012990191578865,2.5463104248046875,3.8329999446868896,40.40627670288086,161.02566528320312,378.75580632199757,11.0743544,49.4004476
1684077033320369200,314.889369140625,1,0.015231112018227577,2.5274927616119385,3.8329999446868896,41.20563507080078,159.04312133789062,379.0733912258254,11.0745484,49.4001003
1684077034314713600,315.8837136230469,1,0.014859210699796677,2.524948835372925,3.799999952316284,41.906517028808594,157.0426483154297,379.18137281116543,11.0747675,49.3997526
1684077035324836900,316.8938369140625,1,0.02088138833642006,2.532459020614624,3.799999952316284,42.14162063598633,154.0535125732422,379.1157367811694,11.0750165,49.3994069
1684077036321114000,317.89011401367185,1,0.014043073169887066,2.553241014480591,3.799999952316284,42.340003967285156,151.05078125,378.75157193721435,11.075295,49.3990728
1684077037322536200,318.8915361328125,1,0.01407769974321127,2.5636119842529297,4,42.45525360107422,148.04685974121094,378.55467538727027,11.0756012,49.3987468
1684077038314856200,319.88385620117185,1.1626763343811035,0.015536652877926826,2.5614774227142334,4,42.51116943359375,145.05934143066406,378.2815684104668,11.0759302,49.3984322
1684077039323029500,320.89202954101563,1,0.05848243832588196,2.5470433235168457,4.400000095367432,41.467037200927734,141.0491943359375,378.63512718689645,11.0762846,49.3981326
1684077040323390200,321.89239013671875,1,0.01606185920536518,2.549548387527466,4.333000183105469,42.012081146240234,141.00241088867188,378.7409859845405,11.0766515,49.3978456
1684077041317324500,322.8863244628906,1.4961225986480713,0.01555989496409893,2.5319204330444336,4.333000183105469,41.40931701660156,139.05284118652344,378.79391588048253,11.0770224,49.3975613
1684077042312364300,323.8813642578125,1,0.01476796343922615,2.4934213161468506,4.333000183105469,40.74037170410156,137.02357482910156,378.66688468699664,11.0774015,49.3972903
1684077043327715600,324.89671557617186,1,0.020753929391503334,2.527240514755249,4.400000095367432,40.10750961303711,136.0113525390625,377.8666320612909,11.0777882,49.3970294
1684077044316654600,325.88565454101564,1.9077214002609253,0.014742349274456501,2.5499510765075684,4.333000183105469,39.481658935546875,134.08213806152344,377.3755092342527,11.0781729,49.3967817
1684077045317974500,326.886974609375,2.385990619659424,0.07322027534246445,2.555041551589966,4,38.82333755493164,131.18377685546875,377.14265924441247,11.0785721,49.3965482
1684077046314512100,327.88351220703123,1.0587273836135864,0.02324334718286991,2.556893825531006,4.333000183105469,38.18988037109375,129.02664184570312,376.87806476852654,11.0789808,49.3963307
1684077047306326300,328.875326171875,1.1157463788986206,0.34198638796806335,2.5542914867401123,5,37.42826843261719,125.07026672363281,376.87806476852654,11.07939,49.396121
1684077048309000700,329.87800073242187,1,0.013244928792119026,2.538802146911621,5.665999889373779,37.00897979736328,125.00269317626953,376.87171460287306,11.0798117,49.3959313
1684077049329587200,330.8985871582031,1,0.025042833760380745,2.5192108154296875,6.800000190734863,35.74256134033203,123.02806091308594,376.7044952907471,11.0802267,49.3957489
1684077050335011000,331.9040109863281,1.2204946279525757,0.02370256744325161,2.5193960666656494,7.199999809265137,33.640838623046875,123.01589965820312,376.61136191820714,11.0806168,49.3955872
1684077051332276500,332.9012763671875,1.6072609424591064,0.09085787832736969,2.509157657623291,7.199999809265137,31.099824905395508,122.05440521240234,376.3700665897242,11.0809782,49.3954371
1684077052333076500,333.90207641601563,7.025676727294922,0.5346895456314087,2.5325729846954346,7.199999809265137,29.756568908691406,120.82400512695312,376.1605262342914,11.0813267,49.3952959
1684077053324867300,334.8938674316406,4.615436553955078,0.038367219269275665,2.5256478786468506,7.199999809265137,26.01192283630371,120.27326202392578,375.0621117763779,11.0816419,49.3951773
1684077054324585200,335.8935852050781,4.272610187530518,0.023029081523418427,2.541348934173584,7.333000183105469,23.053375244140625,119.26356506347656,373.9045924281836,11.0819238,49.3950747
1684077055342675200,336.91167529296877,1.262847900390625,0.015835734084248543,2.5422778129577637,7.599999904632568,20.974205017089844,118.0189437866211,373.8538091027693,11.0821757,49.3949827
1684077056330157000,337.89915698242186,1,0.014754299074411392,2.5402846336364746,7.665999889373779,20.024417877197266,118.00372314453125,373.91728830720547,11.0824035,49.3949017
1684077057334122500,338.90312255859374,1,0.01499775517731905,2.5384790897369385,8,19.12211799621582,118.99964904785156,374.57538414665584,11.082626,49.3948192
1684077058306444500,339.8754445800781,3.2761449813842773,0.017005184665322304,2.5204195976257324,7.665999889373779,17.782238006591797,120.01271057128906,375.3837906344548,11.0828268,49.3947395
1684077059312422700,340.8814226074219,4.424282073974609,0.01637910306453705,2.5158567428588867,7.333000183105469,16.401105880737305,120.07086944580078,376.3764163785491,11.0830206,49.394665
1684077060318769700,341.8877697753906,2.6054699420928955,0.02447367087006569,2.5410995483398438,7,15.156360626220703,121.00624084472656,376.66004514403903,11.0831976,49.3945956
1684077061316579000,342.8855791015625,2.008861541748047,0.016077321022748947,2.5161356925964355,6.665999889373779,12.930438041687012,121.01948547363281,376.79974639218943,11.0833526,49.3945317
1684077062334195000,343.90319482421876,6.926383018493652,0.01743236742913723,2.5270566940307617,5.599999904632568,11.002276420593262,123.03797149658203,376.8865316634852,11.0834759,49.3944777
1684077063335813400,344.9048134765625,4.221056938171387,0.29381629824638367,2.5446770191192627,6,8.296299934387207,135.81558227539062,376.8039797993863,11.0835846,49.3944277
1684077064341559300,345.9105593261719,3.5384366512298584,0.03141285851597786,2.540161371231079,6.400000095367432,6.783790111541748,148.9015655517578,376.71084533078647,11.0836341,49.3943747
1684077065340757000,346.9097570800781,3.772462844848633,0.3644747734069824,2.574983835220337,6.800000190734863,6.351905822753906,175.77008056640625,376.71084533078647,11.083658,49.3943224
1684077066310699300,347.87969921875,3.544200897216797,0.43902090191841125,2.5801048278808594,7,6.544788837432861,192.86798095703125,376.7129620118583,11.0836342,49.3942657
1684077067313821200,348.8828212890625,1.7645761966705322,0.01331276260316372,2.5449512004852295,7.333000183105469,7.135784149169922,200.9839630126953,376.8018630955227,11.0835786,49.3942063
1684077068327799800,349.8967998046875,1,0.012673147954046726,2.5206873416900635,8,8.233838081359863,204.99575805664062,376.90346547884184,11.0835155,49.3941385
1684077069305237800,350.87423779296876,3.5094380378723145,0.014766396954655647,2.5180859565734863,7.665999889373779,9.4705810546875,203.97987365722656,377.0241198951631,11.0834449,49.3940644
1684077070319085300,351.88808520507814,1.0843591690063477,0.013530955649912357,2.5177760124206543,7.333000183105469,10.52410888671875,201.9999237060547,377.3225882188054,11.0833791,49.3939773
1684077071318057700,352.8870576171875,1,0.01440083421766758,2.523064136505127,6.800000190734863,11.314577102661133,199.0023956298828,377.3606913165323,11.0833208,49.3938819
1684077072326152700,353.8951525878906,1,0.013132217340171337,2.5119473934173584,6.400000095367432,11.838191986083984,197.0020751953125,377.4051451476202,11.0832699,49.3937796
1684077073301955000,354.870955078125,1,0.013231560587882996,2.5739002227783203,6.333000183105469,12.123061180114746,196.00119018554688,377.4009114393484,11.0832218,49.3936754
1684077074317967000,355.8869670410156,1,0.024083415046334267,2.5942506790161133,6,12.338178634643555,195.99952697753906,377.4263137207781,11.0831732,49.3935674
1684077075307724500,356.876724609375,1,0.02379133552312851,2.5699234008789062,5.665999889373779,12.45697021484375,195.99972534179688,377.4241968610759,11.0831229,49.3934592
1684077076320833800,357.8898337402344,1,0.03088410012423992,2.5469164848327637,5.199999809265137,12.50629997253418,195.99989318847656,377.3035367343485,11.0830708,49.3933502
1684077077315593700,358.88459375,1,0.024258440360426903,2.5488336086273193,5,12.4589204788208,196.00010681152344,377.13842566760223,11.0830201,49.3932435
1684077078312243500,359.88124340820315,1,0.02388753928244114,2.53682017326355,4.400000095367432,12.248892784118652,196.99859619140625,376.86959788204894,11.0829707,49.3931389
1684077079304827100,360.8738271484375,1,0.02383892983198166,2.54071044921875,4.333000183105469,12.113597869873047,196.00218200683594,376.7785793880046,11.0829206,49.3930356
1684077080318888400,361.88788842773437,1,0.0318203829228878,2.538942575454712,4,11.896353721618652,196.9987335205078,376.7044952907471,11.0828719,49.3929323
1684077081308150000,362.8771499023438,1.6478230953216553,0.024712149053812027,2.5613980293273926,4,11.129371643066406,197.00450134277344,376.53516264932597,11.0828249,49.3928358
1684077082320362200,363.8893623046875,4.041267395019531,0.018775315955281258,2.589153528213501,4,9.665484428405762,197.0432586669922,376.23460556438164,11.0827843,49.3927496
1684077083305579800,364.8745798339844,2.5826783180236816,0.012788218446075916,2.5576531887054443,3.8329999446868896,7.954514980316162,198.01177978515625,375.6991324491688,11.0827497,49.3926808
1684077084320489200,365.8894892578125,8.163300514221191,0.012788123451173306,2.5255260467529297,3.799999952316284,6.293910026550293,198.13140869140625,375.11501864221157,11.0827208,49.3926263
1684077085312569600,366.8815695800781,1,0.012883981689810753,2.5291407108306885,3.8329999446868896,4.949404716491699,199.0009307861328,375.0028564797594,11.0826996,49.3925859
1684077086318639600,367.8876396484375,1.175916314125061,0.012776856310665607,2.5269856452941895,3.799999952316284,3.9542386531829834,199.00106811523438,374.96476400840965,11.0826815,49.3925539
1684077087315008800,368.8840087890625,1,0.01705121621489525,2.539273500442505,3.8329999446868896,3.6377451419830322,198.00039672851562,374.96476400840965,11.0826664,49.392526
1684077088313836300,369.88283618164064,2.051002264022827,0.011278055608272552,2.5318045616149902,4,3.8719470500946045,188.00778198242188,375.0621117763779,11.0826569,49.3924952
1684077089309988600,370.87898852539064,15.2720365524292,0.015610982663929462,2.5596821308135986,3.9830000400543213,4.420060634613037,164.32528686523438,375.19755401411476,11.0826679,49.3924581
1684077090330501600,371.89950170898436,3.7236616611480713,0.021671008318662643,2.5788731575012207,3.9600000381469727,4.844741344451904,136.05482482910156,375.33934743186364,11.0827107,49.3924238
1684077091321909500,372.89090942382813,3.3344786167144775,0.012662787921726704,2.534714698791504,3.940000057220459,4.945472717285156,115.05206298828125,375.3541618067637,11.0827744,49.3924023
1684077092300224300,373.8692243652344,1,0.01691809855401516,2.542107105255127,3.950000047683716,5.116701602935791,104.00346374511719,375.33299842199597,11.0828453,49.3923919
1684077093304317400,374.8733173828125,1.151939868927002,0.020800942555069923,2.5184366703033447,3.950000047683716,5.15502405166626,104.99950408935547,375.26527594678277,11.0829169,49.3923826
1684077094289699000,375.85869897460935,1.7779819965362549,0.01885191723704338,2.5156335830688477,3.950000047683716,4.958156108856201,105.00055694580078,375.17427472506296,11.0829847,49.3923711
1684077095319010300,376.88801025390626,2.6232032775878906,0.01737038791179657,2.5098865032196045,3.9660000801086426,4.535025596618652,102.00798797607422,374.998623974465,11.0830486,49.3923616
1684077096327580200,377.896580078125,4.324337959289551,0.0134985176846385,2.5014986991882324,4,4.0340776443481445,87.0716552734375,374.9732289872099,11.0831053,49.3923606
1684077097317033000,378.8860329589844,13.653775215148926,0.019739054143428802,2.5135910511016846,4,4.326919078826904,67.76725006103516,374.9795777268711,11.0831592,49.3923737
1684077098331131600,379.9001315917969,5.8379740715026855,0.29425859451293945,2.547553777694702,4.333000183105469,4.810135364532471,47.07884979248047,375.06422804465376,11.0832295,49.3923966
1684077099312946000,380.88194580078124,4.742640972137451,0.34263715147972107,2.5703301429748535,4.665999889373779,5.496367454528809,38.059017181396484,375.12983262398245,11.0832755,49.3924227
1684077100305023000,381.8740229492187,6.70670747756958,0.036552172154188156,2.530468702316284,4.85699987411499,6.552272319793701,29.073619842529297,375.02190277980264,11.0833215,49.3924657
1684077101310963700,382.8799636230469,8.201260566711426,0.45657482743263245,2.545046091079712,5.427999973297119,5.613974571228027,16.434537887573242,374.81239583952475,11.0833628,49.392514
1684077102317898000,383.88689794921873,6.541201591491699,0.46623849868774414,2.5396862030029297,6.800000190734863,6.004105567932129,5.22009801864624,374.48015810567875,11.0833824,49.39256
1684077103304529200,384.8735290527344,1.9690797328948975,0.033304113894701004,2.519082546234131,7,6.3229498863220215,359.0132751464844,374.24315572769,11.0833866,49.3926154
1684077104310522400,385.8795224609375,6.50737190246582,0.0347704142332077,2.5164849758148193,7.333000183105469,6.41584587097168,357.04986572265625,374.13735323996906,11.0833851,49.3926801
1684077105316867600,386.88586767578124,2.34420108795166,0.03775138035416603,2.5105674266815186,7.599999904632568,6.983815670013428,356.0047912597656,373.8538091027693,11.0833799,49.3927463
1684077106310357200,387.8793571777344,6.667428016662598,0.019131619483232498,2.496589422225952,7.333000183105469,7.283339977264404,356.0055236816406,373.5554632270095,11.0833722,49.3928137
1684077107323877000,388.89287719726565,1.0652260780334473,0.03127548471093178,2.5296013355255127,6.800000190734863,7.280638217926025,355.9999694824219,373.4242790117103,11.0833623,49.3928819
1684077108305047300,389.87404736328125,1.1235499382019043,0.028180336579680443,2.559164524078369,6.400000095367432,7.09795618057251,356.99896240234375,373.250780434341,11.0833572,49.3929483
1684077109316033300,390.885033203125,1,0.027670495212078094,2.5243353843688965,5.599999904632568,6.8800883293151855,357.999267578125,372.96091880431624,11.0833528,49.3930115
1684077110320337000,391.8893369140625,1.233299970626831,0.02671015076339245,2.535672187805176,5.199999809265137,6.686034202575684,358.99896240234375,372.68164546735596,11.0833514,49.3930704
1684077111319680300,392.88868017578125,1,0.015429601073265076,2.5571627616882324,4.800000190734863,6.62474250793457,0.9987105131149292,372.5377809853508,11.0833531,49.3931285
1684077112320169000,393.8891689453125,2.208834648132324,0.030819175764918327,2.528486490249634,5,6.556438446044922,3.990924119949341,372.03427457851666,11.0833572,49.3931859
1684077113318205700,394.8872058105469,1.9702433347702026,0.23982664942741394,2.5242066383361816,5.199999809265137,6.235097885131836,9.985669136047363,371.94119264509686,11.0833652,49.3932408
1684077114308331800,395.87733178710937,2.505730152130127,0.029651587828993797,2.518162488937378,5.665999889373779,6.115431308746338,13.988133430480957,371.83753442550847,11.0833907,49.3932924
1684077115324864300,396.8938642578125,2.5332906246185303,0.01799166202545166,2.509989023208618,6.800000190734863,5.42482328414917,16.996784210205078,371.64714508865296,11.0834232,49.3933418
1684077116310397200,397.87939721679686,1.494199275970459,0.03664986044168472,2.545964002609253,6.665999889373779,4.541766166687012,19.999698638916016,371.5434904747191,11.0834575,49.3933822
1684077117319413500,398.88841357421876,1,0.02590125799179077,2.5403635501861572,7,4.4375386238098145,20.000083923339844,371.43349105003705,11.0834832,49.3934201
1684077118314417400,399.8834174804687,1.7035855054855347,0.023767516016960144,2.5229640007019043,7,4.176997184753418,21.000015258789062,371.36791515094853,11.083507,49.3934559
1684077119311980800,400.8809807128906,3.392456293106079,0.027286842465400696,2.519467353820801,6.400000095367432,4.039180278778076,21.999155044555664,371.35945378166775,11.0835295,49.3934905
1684077120312219400,401.8812194824219,7.581884384155273,0.08961334824562073,2.5084993839263916,6,3.8826141357421875,25.96997833251953,370.65157326115155,11.0835548,49.3935237
1684077121318975200,402.8879753417969,27.037790298461914,0.07059446722269058,2.5147671699523926,5.199999809265137,3.9715492725372314,28.670942306518555,370.65157326115155,11.0835822,49.3935554
1684077122311785200,403.88078515625,9.868465423583984,0.0712326318025589,2.509582281112671,5,4.0953803062438965,26.030689239501953,370.6833033046419,11.0836092,49.3935879
1684077123313999400,404.8829992675781,3.0609023571014404,0.2866540253162384,2.5083229541778564,5.142000198364258,3.6503493785858154,25.997949600219727,370.6388812771045,11.0836432,49.3936324
1684077124303179300,405.87217919921875,2.355394124984741,0.033954206854104996,2.5116915702819824,5.427999973297119,3.782982110977173,25.99945068359375,370.60503607947186,11.0836615,49.3936593
1684077125317078500,406.88607861328126,7.479240894317627,0.36789390444755554,2.5271432399749756,6,3.0586390495300293,25.012500762939453,370.64522726674585,11.0836816,49.3936879
1684077126314903000,407.88390307617186,16.067285537719727,0.4084799885749817,2.5527632236480713,6.284999847412109,3.381704092025757,24.954370498657227,370.64522726674585,11.0836988,49.3937118
1684077127316409600,408.88540966796876,15.957534790039062,0.39003974199295044,2.567154884338379,8,3.432156801223755,24.993471145629883,370.6896493276312,11.0837205,49.3937384
1684077128337056500,409.90605639648436,8.281732559204102,0.40715309977531433,2.5441904067993164,8,3.325488567352295,25.00023651123047,370.84195530862684,11.0837494,49.3937713
1684077129314989600,410.8839895019531,7.052038192749023,0.4850766658782959,2.5358076095581055,8,3.1908631324768066,24.006877899169922,370.947724965521,11.0837682,49.3937899
1684077130309355500,411.87835546875,10.549665451049805,0.4953104853630066,2.5199241638183594,8,3.0081756114959717,24.003231048583984,371.0767657391238,11.0837893,49.3938122
1684077131302172700,412.8711726074219,5.245779991149902,0.46989041566848755,2.528459310531616,8.571000099182129,3.030165195465088,24.995168685913086,371.18042286920775,11.0838082,49.3938376
1684077132326873600,413.8958735351562,6.435349464416504,0.41126182675361633,2.5174102783203125,9.600000381469727,2.9298255443573,26.986310958862305,371.2967742231861,11.0838301,49.3938674
1684077132826000000,414.3949997558594,6.435349464416504,0.41126182675361633,2.5307798385620117,11.081000328063965,2.9296202659606934,26.98694610595703,371.2967742231861,11.0838388,49.3938784
1684077133333421300,414.90242138671874,6.825125694274902,0.3732752203941345,2.5523829460144043,11.211999893188477,2.3467507362365723,30.96657371520996,371.3158136881254,11.0838531,49.3938941
1684077134315380500,415.88438037109376,21.10359001159668,0.45430344343185425,2.568012237548828,12.413999557495117,1.9647674560546875,34.93844985961914,371.25234897175966,11.0838751,49.3939195
1684077135309958700,416.8789587402344,36.9465446472168,0.0933828204870224,2.5794990062713623,12.413999557495117,2.0413358211517334,46.54095458984375,371.2375406064982,11.0838978,49.3939482
1684077136308291000,417.877291015625,17.614831924438477,0.38338109850883484,2.675032377243042,11.748000144958496,2.189147472381592,57.85026168823242,371.16349916931165,11.0839183,49.3939641
1684077137310709200,418.87970922851565,11.63390064239502,0.3397512435913086,2.632784128189087,11.211999893188477,1.9713338613510132,60.97332763671875,371.0809966175117,11.0839363,49.3939741
1684077137860000000,419.429,11.63390064239502,0.3397512435913086,2.597338914871216,10.52299976348877,1.9704405069351196,60.97163391113281,371.0767657391238,11.0839456,49.3939779
1684077138334081800,419.9030817871094,26.59986686706543,0.052514247596263885,2.5643599033355713,9.855999946594238,1.518333911895752,55.05214309692383,371.03234164390403,11.0839523,49.3939798
1684077139319092200,420.88809228515623,16.59959602355957,0.023509126156568527,2.5398294925689697,9.1899995803833,1.0812309980392456,45.03278732299805,370.96253282309596,11.0839609,49.3939906
1684077140300582000,421.8695817871094,0,0.06585816293954849,2.532654047012329,9.020000457763672,0.00011451184400357306,0,371.0175336640437,11.0839618,49.3939954
1684077141315705900,422.88470581054685,44.900001525878906,0.023544996976852417,2.529728889465332,9.1899995803833,0.34592410922050476,42.99310302734375,371.0027257101227,11.0839605,49.393996
1684077142321504500,423.89050439453126,44.900001525878906,0.026999374851584435,2.5297749042510986,8.855999946594238,0.9288836717605591,249.6614532470703,370.9921486160608,11.0839559,49.3939928
1684077143326889000,424.8958889160156,25.57926368713379,0.39625558257102966,2.5507800579071045,7.427999973297119,0.4083898961544037,355.8558654785156,370.9921486160608,11.0839376,49.3939874
1684077144318312200,425.8873122558594,32.99005889892578,0.023271609097719193,2.519493341445923,7.427999973297119,0.28811243176460266,13.975395202636719,370.9646482334382,11.0839392,49.3939883
1684077145316970000,426.8859699707031,43.21900939941406,0.020961211994290352,2.571859359741211,7.333000183105469,0.4535108804702759,22.946426391601562,371.02811078986986,11.0839409,49.3939874
1684077146315182600,427.8841826171875,0,0.29224488139152527,2.6144232749938965,7.427999973297119,0.001453096279874444,0,371.02811078986986,11.0839425,49.3939875
1684077147325034200,428.8940341796875,0,0.02037183567881584,2.6437995433807373,8,1.6476718656122102e-8,0,370.99426403381494,11.0839421,49.3939858
1684077147904000000,429.473,0,0.02037183567881584,2.5839333534240723,9.253999710083008,2.645666654643719e-7,0,370.96253282309596,11.083942,49.3939855
1684077148334615600,429.90361547851563,44.900001525878906,0.023505346849560738,2.5324440002441406,9.253999710083008,0.4425821602344513,35.95283889770508,370.9350325368165,11.0839405,49.3939819
1684077149320482600,430.8894826660156,0,0.028312990441918373,2.539123773574829,9.253999710083008,0.000009777211744221859,0,370.9371479402781,11.0839409,49.3939812
1684077150316884500,431.8858845214844,0,0.12793873250484467,2.5609123706817627,9.074999809265137,2.8481454972251186e-9,0,370.8609937491988,11.0839394,49.3939792
1684077151319703300,432.8887033691406,0,0.08643792569637299,2.5476765632629395,9.253999710083008,8.837643505898995e-9,0,370.88214762234884,11.0839387,49.3939783
1684077152309098500,433.8780983886719,0,0.0912187322974205,2.5444748401641846,9.074999809265137,2.1733661537126636e-9,0,370.88214762234884,11.0839383,49.3939778
1684077152942000000,434.51100024414063,0,0.0912187322974205,2.5520315170288086,9.371000289916992,0.0000012041197123835445,0,370.86522451959434,11.0839383,49.3939778
1684077153326714600,434.8957145996094,0,0.07697385549545288,2.559234619140625,9.175000190734863,6.799453444727988e-7,0,370.8948399716474,11.0839381,49.3939776
1684077154311340000,435.8803400878906,0,0.41306272149086,2.5763187408447266,9.175000190734863,1.1748150008372704e-8,0,370.88214762234884,11.0839381,49.3939775
1684077155323193300,436.892193359375,0,0.11424697190523148,2.5718986988067627,9.371000289916992,7.649471278625697e-9,0,370.88637840332956,11.083938,49.3939774
1684077156317361400,437.886361328125,0,0.023500850424170494,2.5444586277008057,9.175000190734863,1.2220798158157908e-11,0,370.8123400418504,11.083938,49.3939774
1684077157307805700,438.8768056640625,0,0.05670533701777458,2.5135042667388916,9.175000190734863,1.4369333630956382e-12,0,370.77214806003326,11.083938,49.3939774
1684077157965000000,439.534,0,0.05670533701777458,2.517435312271118,9.42300033569336,1.0776488146291285e-8,0,370.81445541460715,11.083938,49.3939774
1684077158321756400,439.89075634765624,0,0.05851152539253235,2.5201120376586914,9.220000267028809,8.838422438373073e-9,0,370.8525322147624,11.083938,49.3939774
1684077159318131500,440.88713134765624,0,0.04763886705040932,2.5359714031219482,9.09000015258789,2.47132999828259e-12,0,370.9773407066093,11.083938,49.3939774
1684077160304604700,441.8736047363281,0,0.026112377643585205,2.5206570625305176,8.64900016784668,1.2559463018202432e-13,0,371.45120667553863,11.083938,49.3939774
1684077161329736000,442.89873583984377,0,0.025809748098254204,2.5656986236572266,8.42300033569336,1.398108008760033e-14,0,371.5442906123178,11.083938,49.3939774
1684077162305217500,443.87421752929686,0,0.025784317404031754,2.5828287601470947,8.07699966430664,5.2642712271863765e-15,0,371.7558488261416,11.083938,49.3939774
1684077163318617600,444.88761767578126,0,0.019272465258836746,2.6222307682037354,6.284999847412109,3.041859161525927e-16,0,371.7918142490442,11.083938,49.3939774
1684077164316268800,445.8852687988281,0,0.016490289941430092,2.6048171520233154,6,9.37518168287027e-17,0,371.9229835586855,11.083938,49.3939774
1684077165325572000,446.89457202148435,0,0.01983950287103653,2.54736328125,6,3.783956240969546e-17,0,371.8256641986176,11.083938,49.3939774
1684077166324878000,447.8938781738281,0,0.3387087285518646,2.559169292449951,6,6.084444336166769e-15,0,371.81085482900033,11.083938,49.3939774
1684077167321759200,448.89075927734376,0,0.409140408039093,2.5531365871429443,6.333000183105469,4.674510019515854e-13,0,371.7854673985887,11.083938,49.3939774
1684077168298318800,449.86731884765624,0,0.035195909440517426,2.5440375804901123,6.888000011444092,1.0818015752338673e-15,0,371.83201107925305,11.083938,49.3939774
1684077169302956300,450.87195629882814,0,0.04465552046895027,2.5339696407318115,7.199999809265137,4.479707035892697e-18,0,372.0118413442094,11.083938,49.3939774
1684077170301773000,451.87077294921875,0,0.22539401054382324,2.531299114227295,7.400000095367432,9.433762613851276e-17,0,372.10916284769075,11.083938,49.3939774
1684077171305656600,452.87465649414065,0,0.03087950125336647,2.526409864425659,7.599999904632568,2.3252817951196507e-17,0,372.11762564007535,11.083938,49.3939774
1684077172314829000,453.8838291015625,0,0.39465129375457764,2.560486078262329,8,1.0119752495566566e-15,0,372.06473332666934,11.083938,49.3939774
